{"cameraMode":{"drawMode":0,"name":"Shaded","section":"Shading Mode"},"sceneLighting":true,"audioPlay":false,"sceneViewState":{"m_AlwaysRefresh":false,"showFog":true,"showSkybox":true,"showFlares":true,"showImageEffects":true,"showParticleSystems":true,"showVisualEffectGraphs":true,"m_FxEnabled":true},"in2DMode":false,"pivot":{"x":9.935356140136719,"y":18.85260772705078,"z":14.301996231079102},"rotation":{"x":-0.19694803655147553,"y":0.026180395856499673,"z":-0.00528201786801219,"w":-0.9800859689712524},"size":2.3887434005737306,"orthographic":true}