{"cameraMode":{"drawMode":0,"name":"Shaded","section":"Shading Mode"},"sceneLighting":true,"audioPlay":false,"sceneViewState":{"m_AlwaysRefresh":false,"showFog":true,"showSkybox":true,"showFlares":true,"showImageEffects":true,"showParticleSystems":true,"showVisualEffectGraphs":true,"m_FxEnabled":true},"in2DMode":false,"pivot":{"x":14.484773635864258,"y":1.668793797492981,"z":-23.420351028442384},"rotation":{"x":-0.025117192417383195,"y":-0.9547312259674072,"z":0.2846827208995819,"w":-0.08353139460086823},"size":3.430293083190918,"orthographic":true}