{"cameraMode":{"drawMode":0,"name":"Shaded","section":"Shading Mode"},"sceneLighting":true,"audioPlay":false,"sceneViewState":{"m_AlwaysRefresh":false,"showFog":true,"showSkybox":true,"showFlares":true,"showImageEffects":true,"showParticleSystems":true,"showVisualEffectGraphs":true,"m_FxEnabled":true},"in2DMode":false,"pivot":{"x":9.935356140136719,"y":18.85260772705078,"z":14.301996231079102},"rotation":{"x":-0.009880558587610722,"y":-0.9747650623321533,"z":0.21880343556404115,"w":-0.043894220143556598},"size":26.316802978515626,"orthographic":true}