{"cameraMode":{"drawMode":0,"name":"Shaded","section":"Shading Mode"},"sceneLighting":true,"audioPlay":false,"sceneViewState":{"m_AlwaysRefresh":false,"showFog":true,"showSkybox":true,"showFlares":true,"showImageEffects":true,"showParticleSystems":true,"showVisualEffectGraphs":true,"m_FxEnabled":true},"in2DMode":false,"pivot":{"x":-3.2155306339263918,"y":-0.2757704257965088,"z":-1.9551148414611817},"rotation":{"x":-0.02624976821243763,"y":-0.9737420082092285,"z":0.16245156526565553,"w":-0.15735070407390595},"size":3.9696850776672365,"orthographic":true}