{"cameraMode":{"drawMode":0,"name":"Shaded","section":"Shading Mode"},"sceneLighting":true,"audioPlay":false,"sceneViewState":{"m_AlwaysRefresh":false,"showFog":true,"showSkybox":true,"showFlares":true,"showImageEffects":true,"showParticleSystems":true,"showVisualEffectGraphs":true,"m_FxEnabled":true},"in2DMode":false,"pivot":{"x":4.7080607414245609,"y":19.179672241210939,"z":46.77577209472656},"rotation":{"x":0.02960207685828209,"y":0.967674195766449,"z":-0.13314223289489747,"w":0.21265141665935517},"size":30.970169067382814,"orthographic":true}