{"cameraMode":{"drawMode":0,"name":"Shaded","section":"Shading Mode"},"sceneLighting":true,"audioPlay":false,"sceneViewState":{"m_AlwaysRefresh":false,"showFog":true,"showSkybox":true,"showFlares":true,"showImageEffects":true,"showParticleSystems":true,"showVisualEffectGraphs":true,"m_FxEnabled":true},"in2DMode":false,"pivot":{"x":9.935356140136719,"y":18.85260772705078,"z":14.301996231079102},"rotation":{"x":-0.04960136115550995,"y":0.08799084275960922,"z":-0.004348050337284803,"w":-0.9949278235435486},"size":2.277017116546631,"orthographic":true}