{"cameraMode":{"drawMode":0,"name":"Shaded","section":"Shading Mode"},"sceneLighting":true,"audioPlay":false,"sceneViewState":{"m_AlwaysRefresh":false,"showFog":true,"showSkybox":true,"showFlares":true,"showImageEffects":true,"showParticleSystems":true,"showVisualEffectGraphs":true,"m_FxEnabled":true},"in2DMode":false,"pivot":{"x":4.7080607414245609,"y":19.179672241210939,"z":46.77577209472656},"rotation":{"x":0.014560929499566555,"y":0.9858784079551697,"z":-0.1191413477063179,"w":0.11769881099462509},"size":8.599760055541993,"orthographic":true}