{"cameraMode":{"drawMode":0,"name":"Shaded","section":"Shading Mode"},"sceneLighting":true,"audioPlay":false,"sceneViewState":{"m_AlwaysRefresh":false,"showFog":true,"showSkybox":true,"showFlares":true,"showImageEffects":true,"showParticleSystems":true,"showVisualEffectGraphs":true,"m_FxEnabled":true},"in2DMode":false,"pivot":{"x":359.31402587890627,"y":298.22381591796877,"z":18.95172119140625},"rotation":{"x":-0.03479646518826485,"y":-0.032325755804777148,"z":0.0007241371786221862,"w":-0.9989837408065796},"size":297.84674072265627,"orthographic":false}