{"cameraMode":{"drawMode":0,"name":"Shaded","section":"Shading Mode"},"sceneLighting":true,"audioPlay":false,"sceneViewState":{"m_AlwaysRefresh":false,"showFog":true,"showSkybox":true,"showFlares":true,"showImageEffects":true,"showParticleSystems":true,"showVisualEffectGraphs":true,"m_FxEnabled":true},"in2DMode":false,"pivot":{"x":-3.192868709564209,"y":4.727242469787598,"z":-7.805562973022461},"rotation":{"x":-0.0047949389554560188,"y":-0.9954831004142761,"z":0.07058916985988617,"w":-0.06461086124181748},"size":5.8735575675964359,"orthographic":true}