{"cameraMode":{"drawMode":0,"name":"Shaded","section":"Shading Mode"},"sceneLighting":true,"audioPlay":false,"sceneViewState":{"m_AlwaysRefresh":false,"showFog":true,"showSkybox":true,"showFlares":true,"showImageEffects":true,"showParticleSystems":true,"showVisualEffectGraphs":true,"m_FxEnabled":true},"in2DMode":false,"pivot":{"x":-21.153274536132814,"y":17.457340240478517,"z":10.254043579101563},"rotation":{"x":-0.06603989750146866,"y":-0.9165529608726502,"z":0.16990643739700318,"w":-0.35602742433547976},"size":26.071548461914064,"orthographic":true}