{"cameraMode":{"drawMode":0,"name":"Shaded","section":"Shading Mode"},"sceneLighting":true,"audioPlay":false,"sceneViewState":{"m_AlwaysRefresh":false,"showFog":true,"showSkybox":true,"showFlares":true,"showImageEffects":true,"showParticleSystems":true,"showVisualEffectGraphs":true,"m_FxEnabled":true},"in2DMode":false,"pivot":{"x":9.935356140136719,"y":18.85260772705078,"z":14.301996231079102},"rotation":{"x":-0.05877579376101494,"y":0.007197566330432892,"z":-0.00046269316226243973,"w":-0.9982838034629822},"size":4.301017761230469,"orthographic":true}