{"cameraMode":{"drawMode":0,"name":"Shaded","section":"Shading Mode"},"sceneLighting":false,"audioPlay":false,"sceneViewState":{"m_AlwaysRefresh":false,"showFog":true,"showSkybox":false,"showFlares":true,"showImageEffects":true,"showParticleSystems":true,"showVisualEffectGraphs":true,"m_FxEnabled":true},"in2DMode":false,"pivot":{"x":-2.7866551876068117,"y":0.009999999776482582,"z":-2.3509998321533205},"rotation":{"x":-0.03478226810693741,"y":-0.960696816444397,"z":0.1410721242427826,"w":-0.23663592338562013},"size":1.1171395778656006,"orthographic":true}